12. 18.(수)

## 1. DBMS

> 현재 가장 많이 사용되는 DBMS = Oracle, MySQL, MSSQL, Tibero, DB2

* 대용량의 데이터를 관리할 수 있도록 도와주는 DBMS : Oracle (ex. 대기업, 공기업)
* 데이터를 저장, 수정 삭제를 사용하는 언어 : SQL언어



## 2. SQL

* SELECT

```sql
SQL> select * from tab;

TNAME                                                        TABTYPE         CLUSTERID
------------------------------------------------------------ -------------- ----------
CUSTOMER                                                     TABLE
```

* 계정확인

```sql
SQL> select user from dual;

USER
------------------------------------------------------------
SCOTT
  
```

* SQL.Plus에서 사용할 수 있는 명령어
  * `cl scr` : 화면지우기
  * `set linesize 300` :화면에 보여지는 글자수 조절
  * `desc 테이블명` : 테이블의 구조 확인하기
  * `conn 계정/패스워드` : 접속하기

## 3. Query

### 1) 기본 select

```sql
select 컬럼명1,컬럼2...
from 테이블
```

* sql문은 대소문자 구분하지 않는다.

* `;`은 sql문의 종료를 의미, `;`을 입력하기 전에 여러 줄로 sql문을 작성할 수 있다.

* `*`은 모든 컬럼을 조회하겠다는 의미

* 컬럼에 `null`을 저장할 수 있다.

  * null은 0이나 space만 입력해 놓은 값과 다른 값
  * null : 아무것도 없는 것을 의미
    * 사용할수도 없고 저장되어 있지 않은 상태

* 컬럼명 대신 alias를 정의해서 사용할 수 있다.

  ```sql
  select 컬럼명 alias명, 
  select 컬럼명 as alias명
  select 컬럼명 "alias명" -- alias명에 공백이 있는 경우 사용
  ```

* 여러 컬럼을 합쳐서 하나의 컬럼으로 조회할 수 있다.

  * `||`연산자 이용 (java의 concat과 유사)

* 오라클의 문자열, 날짜 데이터는 `''`로 표현

* 연산의 결과로 컬럼을 생성할 수 있다.(+, *, /, -, 함수....)

  단, null이 포함되어 있는 칼럼은 연산할 수 없다.

  ```sql
  SQL> select ename,sal,comm,sal+comm 급여합
    2  from emp;
  
  ENAME                       SAL       COMM     급여합
  -------------------- ---------- ---------- ----------
  SMITH                       800							-- >null이 포함되어 있으면 연산 x
  ALLEN                      1600        300       1900 
  WARD                       1250        500       1750
  JONES                      2975
  MARTIN                     1250       1400       2650
  BLAKE                      2850
  CLARK                      2450
  SCOTT                      3000
  KING                       5000
  TURNER                     1500          0       1500
  ADAMS                      1100
  
  ENAME                       SAL       COMM     급여합
  -------------------- ---------- ---------- ----------
  JAMES                       950
  FORD                       3000
  MILLER                     1300
  ```

* 중복이 있는 경우 중복을 제거하기위해 select문에 `distinct`를 추가할 수 있다.

### 2) select절에 조건 추가

* where 조건
  
  > `select [distinct] 컬럼명, 컬러명...[alias명] from 테이블명 where 조건`
  
  * 검색 결과를 제한(조건에 만족하는 데이터만 조회하겠다는 의미)
  
  * where절은 from절 다음에 정의
  
  * where절은 조건식이 true가 되도록 정의
  
  * where절에 사용할 수 있는 비교연산자 : `>`, `>=`, `<`, `<=`, `=`, `<>`, `!=`
  
  * where절에서 조건과 한께 비교하는 값을 추가해야 하는 경우 문자, 날짜는 작은따옴표로 묶어줘야 한다.
  
  * SQL은 대소문자를 구분하지 않는다. 값을 비교하는 경우 정확하게 대소문자까지 일치
  
    ```sql
    SQL> select ename, job, hiredate, sal
      2  from emp
      3  where sal>3000;
    
    ENAME                JOB                HIREDATE        SAL
    -------------------- ------------------ -------- ----------
    KING                 PRESIDENT          81/11/17       5000
    
    SQL> select ename, job, hiredate, sal
      2  from emp
      3  where hiredate>'1982/01/01'; -- date에는 ''가 들어가게끔
    
    ENAME                JOB                HIREDATE        SAL
    -------------------- ------------------ -------- ----------
    SCOTT                ANALYST            82/12/09       3000
    ADAMS                CLERK              83/01/12       1100
    MILLER               CLERK              82/01/23       1300
    ```
  
  * 두 개 이상의 조건이 있는 경우 사용할 수 있는 연산자
    * and연산자 : 모든 조건이 일치
    
    ```sql
    SQL> select *
      2  from emp
      3  where deptno = 10
      4     and job = 'MANAGER';
    
         EMPNO ENAME                JOB                       MGR HIREDATE        SAL       COMM     DEPTNO
    ---------- -------------------- ------------------ ---------- -------- ---------- ---------- ----------
          7782 CLARK                MANAGER                  7839 81/06/09       2450                    10
    ```
    
    * or연산자 : 모든 조건 중 한 개만 일치(조건이 모두 다른 컬럼인 경우)
    * between A and B : and연산과 동일
      * 같은 컬럼에서 조건을 비교하는 경우 사용
    * in연산자 : or연산자의 의미와 동일(같은 컬럼에서 값을 여러개 비교해야 하는 경우)
      * `컬럼명 in (비교할값, 값.....)`
    * not연산자 : 부정
    
  * null값에 대한 비교
  
    * `is null`: null인 데이터를 조회
    * `is not null`: null이 아닌 데이터를 조회
  
    ```sql
    SQL> select ename,sal,comm
      2  from emp
      3  where comm is null;
    
    ENAME                       SAL       COMM
    -------------------- ---------- ----------
    SMITH                       800
    JONES                      2975
    BLAKE                      2850
    CLARK                      2450
    SCOTT                      3000
    KING                       5000
    ADAMS                      1100
    JAMES                       950
    FORD                       3000
    MILLER                     1300
    
    10 rows selected.
    
    SQL> select ename,sal,comm
      2  from emp
      3  where comm is not null;
    
    ENAME                       SAL       COMM
    -------------------- ---------- ----------
    ALLEN                      1600        300
    WARD                       1250        500
    MARTIN                     1250       1400
    TURNER                     1500          0
    ```
    
  * like 연산자 : 대표문자와 함께 사용
  
    * 조건비교를 위해 입력한 값이 문자열에 포함되어 있는 것을 찾는 경우
  
    * `%` : 모든 문자열
  
    * `_` : 한 자리 문자를 의미
  
    * ```sql
      SQL> select ename,sal,comm
        2  from emp
        3  where ename like 'A%';
      
      ENAME                       SAL       COMM
      -------------------- ---------- ----------
      ALLEN                      1600        300
      ADAMS                      1100
      
      SQL> select ename,sal,comm
        2  from emp
        3  where ename like '%A';
      
      no rows selected
      
      SQL> select ename,sal,comm
        2  from emp
        3  where ename like '%A%';
      
      ENAME                       SAL       COMM
      -------------------- ---------- ----------
      ALLEN                      1600        300
      WARD                       1250        500
      MARTIN                     1250       1400
      BLAKE                      2850
      CLARK                      2450
      ADAMS                      1100
      JAMES                       950
      
      7 rows selected.
      
      SQL> select ename,sal,comm
        2  from emp
        3  where ename like '_A%'
        4  ;
      
      ENAME                       SAL       COMM
      -------------------- ---------- ----------
      WARD                       1250        500
      MARTIN                     1250       1400
      JAMES                       950
      ```
## 4. 데이터 정렬

> `select [distinct] 컬럼명, 컬럼명...[alias명] from 테이블명 where 조건 order by 컬럼명 정렬기준`

### 1) 오름차순

* asc : 오름차순 정렬

* 정렬기준을 생랼하면 기본은 오름차순

  ```sql
  SQL> select ename, sal, job
    2  from emp
    3  order by sal;
  
  ENAME                       SAL JOB
  -------------------- ---------- -------------
  SMITH                       800 CLERK
  JAMES                       950 CLERK
  ADAMS                      1100 CLERK
  WARD                       1250 SALESMAN
  MARTIN                     1250 SALESMAN
  MILLER                     1300 CLERK
  TURNER                     1500 SALESMAN
  ALLEN                      1600 SALESMAN
  CLARK                      2450 MANAGER
  BLAKE                      2850 MANAGER
  JONES                      2975 MANAGER
  
  ENAME                       SAL JOB
  -------------------- ---------- -------------
  SCOTT                      3000 ANALYST
  FORD                       3000 ANALYST
  KING                       5000 PRESIDENT
  ```

### 2) 내림차순

* desc : 내림차순 정렬

  ```sql
  SQL> select ename, sal, job
    2  from emp
    3  order by sal desc;
  
  ENAME                       SAL JOB
  -------------------- ---------- ------------------
  KING                       5000 PRESIDENT
  FORD                       3000 ANALYST
  SCOTT                      3000 ANALYST
  JONES                      2975 MANAGER
  BLAKE                      2850 MANAGER
  CLARK                      2450 MANAGER
  ALLEN                      1600 SALESMAN
  TURNER                     1500 SALESMAN
  MILLER                     1300 CLERK
  WARD                       1250 SALESMAN
  MARTIN                     1250 SALESMAN
  
  ENAME                       SAL JOB
  -------------------- ---------- ------------------
  ADAMS                      1100 CLERK
  JAMES                       950 CLERK
  SMITH                       800 CLERK
  ```

  





  

  

  

